ano,mes,uf,mes_nome,focos,precip,umidade,temp,indice,n_microrregioes
2022,1,AL,Jan,268,29.943,80.2,25.186,0.297,7
2022,1,BA,Jan,1095,101.543,65.295,25.062,0.211,21
2022,1,CE,Jan,1599,151.015,65.361,27.297,0.182,33
2022,1,MG,Jan,91,181.867,61.033,23.7,0.097,3
2022,1,PB,Jan,1029,119.319,66.248,25.567,0.195,21
2022,1,PE,Jan,1390,75.2,66.708,24.558,0.254,12
2022,1,PI,Jan,138,149.675,60.325,27.538,0.22,8
2022,1,RN,Jan,741,137.428,63.122,27.661,0.239,18
2022,1,SE,Jan,164,33.857,71.843,25.9,0.319,7
2022,2,AL,Fev,376,7.971,79.757,25.257,0.339,7
2022,2,BA,Fev,1505,61.043,65.852,25.033,0.291,21
2022,2,CE,Fev,934,72.952,65.018,27.373,0.316,33
2022,2,MG,Fev,17,152.367,61.667,23.733,0.097,3
2022,2,PB,Fev,447,30.352,68.205,25.91,0.353,21
2022,2,PE,Fev,870,38.45,66.558,24.725,0.337,12
2022,2,PI,Fev,95,95.838,61.688,27.412,0.288,8
2022,2,RN,Fev,401,46.8,64.761,27.55,0.378,18
2022,2,SE,Fev,450,24.543,68.329,26.086,0.363,7
2022,3,AL,Mar,343,91.986,79.771,25.229,0.168,7
2022,3,BA,Mar,1618,49.505,65.524,25.105,0.316,21
2022,3,CE,Mar,303,322.67,66.27,27.245,0.139,33
2022,3,MG,Mar,156,9.333,61.733,23.533,0.385,3
2022,3,PB,Mar,180,224.924,67.61,25.895,0.101,21
2022,3,PE,Mar,330,118.875,67.592,24.717,0.163,12
2022,3,PI,Mar,55,216.025,60.75,27.525,0.212,8
2022,3,RN,Mar,238,245.889,65.183,27.639,0.158,18
2022,3,SE,Mar,385,103.243,70.971,25.7,0.182,7
2022,4,AL,Abr,359,57.843,81.943,25.043,0.233,7
2022,4,BA,Abr,2254,37.357,66.167,24.681,0.331,21
2022,4,CE,Abr,73,198.603,65.642,27.215,0.158,33
2022,4,MG,Abr,156,26.867,60.7,23.233,0.353,3
2022,4,PB,Abr,75,107.738,68.876,25.714,0.185,21
2022,4,PE,Abr,313,59.633,70.125,24.242,0.263,12
2022,4,PI,Abr,43,94.163,62.938,27.112,0.306,8
2022,4,RN,Abr,66,141.6,63.456,27.561,0.209,18
2022,4,SE,Abr,430,80.414,71.157,25.986,0.232,7
2022,5,AL,Mai,67,210.886,81.614,25.057,0.062,7
2022,5,BA,Mai,2006,28.657,66.933,24.719,0.342,21
2022,5,CE,Mai,106,127.855,65.024,27.385,0.225,33
2022,5,MG,Mai,190,3.5,59.467,23.733,0.4,3
2022,5,PB,Mai,54,145.548,69.386,25.695,0.172,21
2022,5,PE,Mai,255,123.825,70.65,24.35,0.184,12
2022,5,PI,Mai,63,57.462,61.838,27.525,0.383,8
2022,5,RN,Mai,78,149.667,63.628,27.728,0.204,18
2022,5,SE,Mai,122,240.186,74.571,24.671,0.076,7
2022,6,AL,Jun,4,237.443,82.771,25.0,0.038,7
2022,6,BA,Jun,3123,18.4,66.119,24.895,0.367,21
2022,6,CE,Jun,321,72.003,65.642,27.285,0.312,33
2022,6,MG,Jun,208,1.567,59.7,23.633,0.398,3
2022,6,PB,Jun,57,118.343,69.038,25.59,0.175,21
2022,6,PE,Jun,110,118.133,71.175,24.367,0.187,12
2022,6,PI,Jun,216,18.088,60.525,27.525,0.458,8
2022,6,RN,Jun,75,104.4,63.444,27.922,0.29,18
2022,6,SE,Jun,4,181.529,74.514,24.914,0.076,7
2022,7,AL,Jul,15,135.329,79.857,25.014,0.086,7
2022,7,BA,Jul,2044,18.457,64.371,25.124,0.383,21
2022,7,CE,Jul,661,33.279,65.321,27.276,0.396,33
2022,7,MG,Jul,319,1.6,58.567,23.967,0.408,3
2022,7,PB,Jul,161,97.962,69.262,25.733,0.246,21
2022,7,PE,Jul,271,85.4,69.358,24.458,0.243,12
2022,7,PI,Jul,375,10.262,59.538,27.525,0.482,8
2022,7,RN,Jul,346,107.317,63.017,27.878,0.335,18
2022,7,SE,Jul,4,95.314,71.643,25.486,0.179,7
2022,8,AL,Ago,60,95.057,79.571,25.086,0.156,7
2022,8,BA,Ago,6042,15.448,64.129,25.257,0.39,21
2022,8,CE,Ago,1934,9.024,65.045,27.458,0.448,33
2022,8,MG,Ago,303,1.433,58.233,24.133,0.411,3
2022,8,PB,Ago,294,43.671,68.681,25.786,0.317,21
2022,8,PE,Ago,481,54.075,66.267,24.858,0.304,12
2022,8,PI,Ago,4840,2.562,59.775,27.775,0.493,8
2022,8,RN,Ago,279,33.206,62.806,27.933,0.424,18
2022,8,SE,Ago,15,127.543,73.129,25.486,0.114,7
2022,9,AL,Set,216,32.186,81.229,25.2,0.295,7
2022,9,BA,Set,21017,12.029,64.11,25.319,0.404,21
2022,9,CE,Set,5646,3.706,65.918,27.488,0.448,33
2022,9,MG,Set,1717,11.9,57.233,24.2,0.415,3
2022,9,PB,Set,1289,12.467,66.324,25.895,0.393,21
2022,9,PE,Set,3934,12.017,65.983,25.125,0.4,12
2022,9,PI,Set,16676,7.238,59.55,27.8,0.495,8
2022,9,RN,Set,1120,6.789,64.978,27.939,0.462,18
2022,9,SE,Set,34,41.586,73.414,25.6,0.289,7
2022,10,AL,Out,989,10.157,79.214,25.386,0.34,7
2022,10,BA,Out,28623,12.814,64.271,25.381,0.404,21
2022,10,CE,Out,14815,7.542,65.909,27.33,0.438,33
2022,10,MG,Out,2593,28.733,57.333,24.167,0.378,3
2022,10,PB,Out,3378,7.719,66.9,25.881,0.399,21
2022,10,PE,Out,6652,17.875,66.958,25.15,0.387,12
2022,10,PI,Out,36633,30.35,59.45,27.788,0.452,8
2022,10,RN,Out,2118,5.822,65.572,27.8,0.458,18
2022,10,SE,Out,44,23.757,73.814,25.614,0.325,7
2022,11,AL,Nov,623,107.286,78.129,25.429,0.15,7
2022,11,BA,Nov,2355,207.852,62.833,25.524,0.141,21
2022,11,CE,Nov,19329,35.052,64.67,27.439,0.399,33
2022,11,MG,Nov,256,270.067,56.5,24.367,0.126,3
2022,11,PB,Nov,5676,52.681,67.29,25.614,0.303,21
2022,11,PE,Nov,5303,87.108,66.992,25.0,0.238,12
2022,11,PI,Nov,5021,138.625,59.512,27.775,0.268,8
2022,11,RN,Nov,1720,22.772,62.1,27.883,0.447,18
2022,11,SE,Nov,36,134.914,74.871,25.757,0.095,7
2022,12,AL,Dez,308,65.114,78.286,25.486,0.231,7
2022,12,BA,Dez,934,163.71,63.119,25.448,0.169,21
2022,12,CE,Dez,23079,33.17,65.748,27.464,0.397,33
2022,12,MG,Dez,85,278.433,58.7,24.133,0.108,3
2022,12,PB,Dez,4559,29.567,66.381,25.952,0.365,21
2022,12,PE,Dez,3423,50.217,65.867,25.15,0.322,12
2022,12,PI,Dez,2237,94.7,58.625,27.95,0.323,8
2022,12,RN,Dez,2259,25.8,64.467,28.061,0.44,18
2022,12,SE,Dez,130,55.714,72.314,25.886,0.269,7
2023,1,AL,Jan,276,34.114,77.429,25.771,0.324,7
2023,1,BA,Jan,2159,77.8,63.086,26.043,0.348,21
2023,1,CE,Jan,3479,110.6,64.676,27.17,0.302,33
2023,1,MG,Jan,167,212.033,56.3,25.467,0.187,3
2023,1,PB,Jan,1529,60.752,66.029,25.657,0.338,21
2023,1,PE,Jan,1517,40.467,66.1,25.075,0.411,12
2023,1,PI,Jan,840,133.938,60.025,27.712,0.304,8
2023,1,RN,Jan,1015,46.594,63.906,27.811,0.42,18
2023,1,SE,Jan,270,34.614,70.2,25.8,0.347,7
2023,2,AL,Fev,498,25.3,77.443,26.014,0.367,7
2023,2,BA,Fev,3951,22.271,63.214,26.214,0.5,21
2023,2,CE,Fev,859,136.985,64.767,27.303,0.219,33
2023,2,MG,Fev,621,11.767,56.9,25.233,0.561,3
2023,2,PB,Fev,704,85.986,67.89,26.105,0.261,21
2023,2,PE,Fev,888,55.817,67.025,25.358,0.349,12
2023,2,PI,Fev,435,108.362,61.55,27.662,0.323,8
2023,2,RN,Fev,455,89.433,65.189,27.794,0.303,18
2023,2,SE,Fev,306,36.729,67.986,25.971,0.363,7
2023,3,AL,Mar,361,57.229,78.014,26.129,0.291,7
2023,3,BA,Mar,2692,58.086,64.4,25.929,0.397,21
2023,3,CE,Mar,309,282.7,66.364,27.118,0.143,33
2023,3,MG,Mar,555,14.033,61.0,24.433,0.504,3
2023,3,PB,Mar,341,188.338,67.124,26.076,0.133,21
2023,3,PE,Mar,735,150.892,67.292,25.325,0.187,12
2023,3,PI,Mar,229,170.55,64.037,27.375,0.212,8
2023,3,RN,Mar,139,233.822,64.85,27.956,0.168,18
2023,3,SE,Mar,329,83.6,69.386,25.829,0.254,7
2023,4,AL,Abr,344,58.371,79.186,25.986,0.283,7
2023,4,BA,Abr,3407,49.738,64.105,25.995,0.437,21
2023,4,CE,Abr,87,181.145,64.545,27.239,0.174,33
2023,4,MG,Abr,395,46.767,60.3,24.533,0.409,3
2023,4,PB,Abr,99,125.681,67.124,26.01,0.17,21
2023,4,PE,Abr,480,78.292,66.675,25.217,0.28,12
2023,4,PI,Abr,419,108.212,62.65,27.525,0.34,8
2023,4,RN,Abr,115,142.083,62.589,28.039,0.212,18
2023,4,SE,Abr,380,90.614,68.814,26.171,0.254,7
2023,5,AL,Mai,132,88.357,78.386,26.129,0.205,7
2023,5,BA,Mai,8564,39.314,63.624,26.114,0.455,21
2023,5,CE,Mai,197,51.361,64.494,27.273,0.366,33
2023,5,MG,Mai,686,3.133,58.467,24.9,0.563,3
2023,5,PB,Mai,88,75.738,67.862,25.986,0.261,21
2023,5,PE,Mai,274,62.992,66.867,25.267,0.301,12
2023,5,PI,Mai,656,46.462,60.8,27.738,0.455,8
2023,5,RN,Mai,216,49.144,63.189,27.917,0.396,18
2023,5,SE,Mai,77,168.357,69.386,25.343,0.12,7
2023,6,AL,Jun,9,108.343,80.157,25.757,0.141,7
2023,6,BA,Jun,9280,21.895,64.833,25.667,0.479,21
2023,6,CE,Jun,307,28.867,64.103,27.267,0.416,33
2023,6,MG,Jun,802,1.733,58.267,24.767,0.585,3
2023,6,PB,Jun,72,94.086,67.843,25.819,0.253,21
2023,6,PE,Jun,204,81.25,66.942,25.133,0.267,12
2023,6,PI,Jun,2506,10.1,61.912,27.5,0.54,8
2023,6,RN,Jun,200,55.694,63.783,27.922,0.379,18
2023,6,SE,Jun,2,142.086,71.4,25.329,0.11,7
2023,7,AL,Jul,23,90.757,77.9,25.643,0.178,7
2023,7,BA,Jul,14551,12.9,65.295,25.6,0.525,21
2023,7,CE,Jul,1478,11.948,64.036,27.324,0.474,33
2023,7,MG,Jul,936,1.9,55.567,24.867,0.63,3
2023,7,PB,Jul,233,48.11,68.824,25.91,0.318,21
2023,7,PE,Jul,679,51.358,67.3,25.008,0.341,12
2023,7,PI,Jul,6307,3.712,61.3,27.638,0.616,8
2023,7,RN,Jul,289,35.05,63.344,27.967,0.429,18
2023,7,SE,Jul,8,100.229,69.714,25.771,0.201,7
2023,8,AL,Ago,19,41.486,78.571,25.671,0.283,7
2023,8,BA,Ago,12492,13.114,63.348,25.838,0.602,21
2023,8,CE,Ago,2680,4.145,64.173,27.427,0.504,33
2023,8,MG,Ago,1745,6.467,54.833,25.067,0.724,3
2023,8,PB,Ago,477,31.705,69.033,25.814,0.354,21
2023,8,PE,Ago,1076,35.383,66.158,25.075,0.4,12
2023,8,PI,Ago,13959,2.45,60.825,27.862,0.713,8
2023,8,RN,Ago,491,18.561,64.717,27.917,0.454,18
2023,8,SE,Ago,15,43.071,71.157,25.514,0.295,7
2023,9,AL,Set,53,31.014,78.486,25.986,0.318,7
2023,9,BA,Set,44908,9.876,62.314,26.2,0.671,21
2023,9,CE,Set,12188,3.255,64.618,27.479,0.615,33
2023,9,MG,Set,4958,10.0,52.2,25.833,0.787,3
2023,9,PB,Set,1812,22.748,66.895,25.9,0.425,21
2023,9,PE,Set,4630,17.867,65.317,25.225,0.501,12
2023,9,PI,Set,36924,3.888,59.938,28.05,0.782,8
2023,9,RN,Set,1114,11.489,64.606,28.028,0.493,18
2023,9,SE,Set,48,31.571,70.843,25.829,0.332,7
2023,10,AL,Out,179,6.414,77.057,25.929,0.372,7
2023,10,BA,Out,69800,10.567,61.757,26.205,0.696,21
2023,10,CE,Out,28797,3.052,64.797,27.215,0.653,33
2023,10,MG,Out,5194,57.467,53.033,25.9,0.683,3
2023,10,PB,Out,4430,5.119,66.395,25.914,0.506,21
2023,10,PE,Out,8327,6.517,64.242,25.358,0.57,12
2023,10,PI,Out,57846,5.388,59.912,27.95,0.795,8
2023,10,RN,Out,2491,3.411,63.928,27.856,0.55,18
2023,10,SE,Out,155,8.9,71.457,25.7,0.379,7
2023,11,AL,Nov,805,7.643,76.914,25.886,0.426,7
2023,11,BA,Nov,22264,34.371,61.71,26.081,0.629,21
2023,11,CE,Nov,25880,9.821,64.279,27.355,0.684,33
2023,11,MG,Nov,2007,88.767,53.067,25.733,0.612,3
2023,11,PB,Nov,4663,19.462,66.352,25.7,0.495,21
2023,11,PE,Nov,6102,18.892,64.183,25.275,0.59,12
2023,11,PI,Nov,16125,63.138,60.112,27.9,0.665,8
2023,11,RN,Nov,3172,30.572,62.183,27.839,0.536,18
2023,11,SE,Nov,392,14.786,72.614,25.871,0.387,7
2023,12,AL,Dez,355,24.429,76.614,25.986,0.359,7
2023,12,BA,Dez,15569,57.957,61.005,26.157,0.576,21
2023,12,CE,Dez,17551,37.803,63.991,27.412,0.608,33
2023,12,MG,Dez,1426,130.867,51.9,26.0,0.514,3
2023,12,PB,Dez,3543,38.61,65.452,26.048,0.454,21
2023,12,PE,Dez,3848,38.983,63.875,25.442,0.515,12
2023,12,PI,Dez,6648,81.387,59.875,27.912,0.601,8
2023,12,RN,Dez,2780,42.417,62.889,28.083,0.502,18
2023,12,SE,Dez,349,36.629,70.243,25.986,0.355,7
2024,1,AL,Jan,1887,78.286,78.029,25.757,0.361,7
2024,1,BA,Jan,5060,203.21,65.21,25.919,0.278,21
2024,1,CE,Jan,6923,52.006,67.376,27.058,0.465,33
2024,1,MG,Jan,403,265.667,61.133,24.833,0.188,3
2024,1,PB,Jan,2007,67.19,66.024,25.624,0.336,21
2024,1,PE,Jan,2953,57.817,67.092,25.183,0.434,12
2024,1,PI,Jan,1670,143.862,64.175,27.438,0.338,8
2024,1,RN,Jan,1339,47.733,64.467,27.478,0.418,18
2024,1,SE,Jan,776,62.057,71.743,26.071,0.331,7
2024,2,AL,Fev,238,80.986,78.4,25.771,0.215,7
2024,2,BA,Fev,1726,146.381,67.276,25.729,0.191,21
2024,2,CE,Fev,1601,205.609,66.091,27.636,0.187,33
2024,2,MG,Fev,692,230.3,63.6,24.567,0.226,3
2024,2,PB,Fev,734,126.924,67.081,26.152,0.194,21
2024,2,PE,Fev,1108,109.667,66.8,25.3,0.247,12
2024,2,PI,Fev,472,195.15,65.112,27.388,0.19,8
2024,2,RN,Fev,543,140.144,64.606,27.617,0.206,18
2024,2,SE,Fev,285,77.771,69.271,26.129,0.275,7
2024,3,AL,Mar,582,37.9,78.557,26.014,0.346,7
2024,3,BA,Mar,3611,56.69,66.224,25.781,0.406,21
2024,3,CE,Mar,362,237.506,67.676,27.455,0.144,33
2024,3,MG,Mar,408,49.8,62.4,24.633,0.391,3
2024,3,PB,Mar,286,163.995,66.805,26.152,0.134,21
2024,3,PE,Mar,881,117.617,67.125,25.308,0.217,12
2024,3,PI,Mar,255,162.062,66.262,27.138,0.212,8
2024,3,RN,Mar,291,205.144,65.339,27.728,0.166,18
2024,3,SE,Mar,727,38.886,70.5,26.043,0.385,7
2024,4,AL,Abr,332,113.771,79.314,25.929,0.16,7
2024,4,BA,Abr,2196,84.186,66.838,25.757,0.308,21
2024,4,CE,Abr,68,230.542,66.509,27.406,0.143,33
2024,4,MG,Abr,446,69.367,62.7,24.567,0.353,3
2024,4,PB,Abr,65,153.414,67.181,26.052,0.132,21
2024,4,PE,Abr,360,134.392,66.358,25.408,0.164,12
2024,4,PI,Abr,187,171.962,64.862,27.275,0.205,8
2024,4,RN,Abr,87,176.8,63.378,27.717,0.179,18
2024,4,SE,Abr,299,142.657,70.257,26.457,0.18,7
2024,5,AL,Mai,72,150.4,78.443,25.9,0.102,7
2024,5,BA,Mai,4899,27.376,67.557,25.7,0.466,21
2024,5,CE,Mai,250,70.015,66.312,27.324,0.323,33
2024,5,MG,Mai,752,2.733,62.8,24.8,0.547,3
2024,5,PB,Mai,149,83.057,67.519,26.062,0.261,21
2024,5,PE,Mai,328,63.792,65.692,25.575,0.313,12
2024,5,PI,Mai,1289,30.338,63.5,27.488,0.509,8
2024,5,RN,Mai,221,79.283,63.511,27.661,0.334,18
2024,5,SE,Mai,53,232.7,71.129,25.414,0.082,7
2024,6,AL,Jun,3,110.914,80.271,25.843,0.14,7
2024,6,BA,Jun,10479,27.857,66.581,25.933,0.461,21
2024,6,CE,Jun,491,41.942,67.155,27.345,0.381,33
2024,6,MG,Jun,656,1.767,61.9,24.967,0.537,3
2024,6,PB,Jun,94,104.943,67.371,25.948,0.232,21
2024,6,PE,Jun,281,98.217,66.017,25.567,0.255,12
2024,6,PI,Jun,3127,5.962,64.438,27.588,0.566,8
2024,6,RN,Jun,145,119.95,63.606,27.717,0.295,18
2024,6,SE,Jun,11,158.457,72.9,25.6,0.095,7
2024,7,AL,Jul,10,80.6,78.343,25.714,0.196,7
2024,7,BA,Jul,8954,16.067,66.771,25.933,0.501,21
2024,7,CE,Jul,1124,12.855,66.967,27.53,0.455,33
2024,7,MG,Jul,1799,1.567,61.433,25.067,0.651,3
2024,7,PB,Jul,286,51.567,67.971,26.11,0.321,21
2024,7,PE,Jul,366,59.042,65.783,25.55,0.324,12
2024,7,PI,Jul,6557,4.575,64.45,27.562,0.604,8
2024,7,RN,Jul,369,31.406,63.467,27.844,0.433,18
2024,7,SE,Jul,16,87.429,71.114,26.0,0.215,7
2024,8,AL,Ago,82,29.457,78.9,25.914,0.318,7
2024,8,BA,Ago,15501,14.776,65.529,25.981,0.569,21
2024,8,CE,Ago,3497,3.458,67.012,27.445,0.506,33
2024,8,MG,Ago,1619,1.433,62.167,24.667,0.668,3
2024,8,PB,Ago,755,15.052,68.038,26.081,0.406,21
2024,8,PE,Ago,1267,20.317,65.217,25.675,0.454,12
2024,8,PI,Ago,17564,1.738,64.3,27.65,0.727,8
2024,8,RN,Ago,883,8.028,64.733,27.861,0.486,18
2024,8,SE,Ago,72,57.9,73.071,25.786,0.267,7
2024,9,AL,Set,78,18.914,79.371,26.1,0.344,7
2024,9,BA,Set,33919,6.805,65.324,26.148,0.635,21
2024,9,CE,Set,5911,3.13,67.327,27.552,0.546,33
2024,9,MG,Set,3068,3.233,61.0,25.033,0.713,3
2024,9,PB,Set,1500,12.471,66.567,26.181,0.442,21
2024,9,PE,Set,2814,11.142,65.992,25.85,0.519,12
2024,9,PI,Set,37350,2.712,64.287,27.775,0.747,8
2024,9,RN,Set,1557,5.072,64.539,28.072,0.519,18
2024,9,SE,Set,40,23.771,72.486,26.071,0.346,7
2024,10,AL,Out,279,6.329,78.157,26.043,0.381,7
2024,10,BA,Out,45526,40.629,66.19,26.071,0.6,21
2024,10,CE,Out,14394,3.955,67.752,27.276,0.609,33
2024,10,MG,Out,3256,98.9,62.567,24.867,0.509,3
2024,10,PB,Out,2992,6.952,66.171,26.1,0.496,21
2024,10,PE,Out,7961,8.617,65.85,25.742,0.567,12
2024,10,PI,Out,31516,20.775,64.112,27.688,0.737,8
2024,10,RN,Out,2482,4.878,64.128,27.739,0.544,18
2024,10,SE,Out,171,11.386,73.143,25.943,0.375,7
2024,11,AL,Nov,329,21.186,78.186,25.843,0.355,7
2024,11,BA,Nov,8314,96.643,66.886,25.933,0.41,21
2024,11,CE,Nov,22793,6.642,66.197,27.4,0.667,33
2024,11,MG,Nov,676,170.533,61.633,25.3,0.251,3
2024,11,PB,Nov,5034,5.281,66.805,25.81,0.528,21
2024,11,PE,Nov,6747,25.05,66.083,25.642,0.572,12
2024,11,PI,Nov,16240,67.975,66.0,27.225,0.61,8
2024,11,RN,Nov,3121,3.722,63.072,27.683,0.572,18
2024,11,SE,Nov,232,18.329,74.757,26.071,0.362,7
2024,12,AL,Dez,452,9.014,77.4,26.143,0.396,7
2024,12,BA,Dez,8730,37.533,66.614,26.019,0.549,21
2024,12,CE,Dez,24688,36.094,67.7,27.458,0.624,33
2024,12,MG,Dez,584,150.733,60.933,25.3,0.242,3
2024,12,PB,Dez,5074,29.071,65.881,26.205,0.495,21
2024,12,PE,Dez,6130,16.417,65.642,25.792,0.603,12
2024,12,PI,Dez,12345,56.888,65.775,27.438,0.623,8
2024,12,RN,Dez,2971,21.233,63.361,27.967,0.547,18
2024,12,SE,Dez,758,5.6,71.986,26.229,0.445,7
